"0","library(FactoMineR, warn.conflicts = F)"
"0","library(scales, warn.conflicts = F)"
"0","library(dplyr,warn.conflicts = F)"
"0","library(leaps, warn.conflicts = F)"
"0","library(MLmetrics, warn.conflicts = F)"
"0","library(ggplot2, warn.conflicts = F)"
"0","library(GGally, warn.conflicts = F)"
"0","library(zoo, warn.conflicts = F)"
"0","library(lmtest,warn.conflicts = F)"
"0","library(carData, warn.conflicts = F)"
"0","library(car, warn.conflicts = F)"
"0","library(formatR, warn.conflicts = F)"
